{
  "timestamp": "20250727_081549",
  "cases": [
    {
      "case_number": "2025-013",
      "naf_name": "test case",
      "naf_phone": "",
      "naf_email": "whitepointer2016@gmail.com",
      "naf_address": "",
      "naf_claim": "",
      "naf_insurer": "",
      "naf_license": "",
      "naf_vehicle_reg": "",
      "naf_version": "",
      "af_name": "",
      "af_phone": "",
      "af_email": "",
      "af_address": "",
      "af_claim": "",
      "af_insurer": "",
      "af_license": "",
      "af_vehicle_reg": "",
      "af_version": "",
      "accident_date": null,
      "accident_time": null,
      "accident_location": "",
      "status": "New Matter",
      "assigned_bike_id": null,
      "notes": "",
      "followup_notes": null,
      "created_date": "2025-07-21 21:03:05.765745",
      "modified_date": "2025-07-21 21:03:05.765745"
    },
    {
      "case_number": "2025-001",
      "naf_name": "John Smith",
      "naf_phone": "0412345678",
      "naf_email": "whitepointer2016@gmail.com",
      "naf_address": "123 Main Street, Sydney NSW 2000",
      "naf_claim": "CL2025-0001",
      "naf_insurer": "NRMA Insurance",
      "naf_license": "DL123456789",
      "naf_vehicle_reg": "ABC123",
      "naf_version": "Honda Civic",
      "af_name": "Sarah Wilson",
      "af_phone": "0487654321",
      "af_email": "sarah.wilson@company.com",
      "af_address": "456 Queen Street, Melbourne VIC 3000",
      "af_claim": "AF2025-0001",
      "af_insurer": "RACV Insurance",
      "af_license": "XYZ789",
      "af_vehicle_reg": "DL987654321",
      "af_version": "Toyota Camry",
      "accident_date": "2025-06-01",
      "accident_time": "14:30",
      "accident_location": "Corner of George Street and Market Street, Sydney",
      "status": "Active",
      "assigned_bike_id": null,
      "notes": "Rear-end collision at busy intersection. Both parties claiming not at fault.",
      "followup_notes": null,
      "created_date": "2025-07-15 13:36:37.511738",
      "modified_date": "2025-07-15 13:36:37.511738"
    },
    {
      "case_number": "2025-012",
      "naf_name": "Rachel Green",
      "naf_phone": "0412345678",
      "naf_email": "rachel.green@email.com",
      "naf_address": "123 Adelaide Street, Brisbane QLD 4000",
      "naf_claim": "WOL-2025-011",
      "naf_insurer": "Woolworths Insurance",
      "naf_license": "QLD234567",
      "naf_vehicle_reg": "IJK123",
      "naf_version": "Honda CB1000R",
      "af_name": "Thomas Miller",
      "af_phone": "0423456789",
      "af_email": "thomas.miller@email.com",
      "af_address": "456 Eagle Street, Brisbane QLD 4000",
      "af_claim": "TIO-CL-2025-011",
      "af_insurer": "TIO",
      "af_license": "LMN456",
      "af_vehicle_reg": "QLD123456",
      "af_version": "Audi A4",
      "accident_date": "2025-03-05",
      "accident_time": "10:15",
      "accident_location": "Adelaide Street, Brisbane",
      "status": "ACTIVE",
      "assigned_bike_id": null,
      "notes": "Animal attack case, owner liability established",
      "followup_notes": null,
      "created_date": "2025-03-06 00:00:00",
      "modified_date": "2025-03-06 00:00:00"
    },
    {
      "case_number": "2025-011",
      "naf_name": "Steven Clark",
      "naf_phone": "0490123456",
      "naf_email": "steven.clark@email.com",
      "naf_address": "432 King Street, Sydney NSW 2000",
      "naf_claim": "COL-2025-010",
      "naf_insurer": "Coles Insurance",
      "naf_license": "NSW234567",
      "naf_vehicle_reg": "CDE567",
      "naf_version": "Harley-Davidson Sportster S",
      "af_name": "Maria Anderson",
      "af_phone": "0401234567",
      "af_email": "maria.anderson@email.com",
      "af_address": "765 Pitt Street, Sydney NSW 2000",
      "af_claim": "REA-CL-2025-010",
      "af_insurer": "Real Insurance",
      "af_license": "FGH890",
      "af_vehicle_reg": "NSW012345",
      "af_version": "BMW X3",
      "accident_date": "2025-03-01",
      "accident_time": "12:25",
      "accident_location": "King Street, Sydney CBD",
      "status": "ACTIVE",
      "assigned_bike_id": null,
      "notes": "Construction accident, safety violations documented",
      "followup_notes": null,
      "created_date": "2025-03-02 00:00:00",
      "modified_date": "2025-03-02 00:00:00"
    },
    {
      "case_number": "2025-010",
      "naf_name": "Nicole Johnson",
      "naf_phone": "0478901234",
      "naf_email": "nicole.johnson@email.com",
      "naf_address": "876 Swanston Street, Melbourne VIC 3000",
      "naf_claim": "SHA-2025-009",
      "naf_insurer": "Shannon's",
      "naf_license": "VIC345678",
      "naf_vehicle_reg": "WXY901",
      "naf_version": "Aprilia RSV4 Factory",
      "af_name": "Andrew Brown",
      "af_phone": "0489012345",
      "af_email": "andrew.brown@email.com",
      "af_address": "543 Lonsdale Street, Melbourne VIC 3000",
      "af_claim": "SHA-CL-2025-009",
      "af_insurer": "Shannons",
      "af_license": "ZAB234",
      "af_vehicle_reg": "VIC901234",
      "af_version": "Volkswagen Golf",
      "accident_date": "2025-02-25",
      "accident_time": "19:40",
      "accident_location": "Swanston Street, Melbourne",
      "status": "ACTIVE",
      "assigned_bike_id": null,
      "notes": "Product liability case, technical investigation required",
      "followup_notes": null,
      "created_date": "2025-02-26 00:00:00",
      "modified_date": "2025-02-26 00:00:00"
    },
    {
      "case_number": "2025-009",
      "naf_name": "Paul Wilson",
      "naf_phone": "0456789012",
      "naf_email": "paul.wilson@email.com",
      "naf_address": "234 Flinders Street, Melbourne VIC 3000",
      "naf_claim": "RAC-2025-008",
      "naf_insurer": "RACV",
      "naf_license": "VIC234567",
      "naf_vehicle_reg": "QRS345",
      "naf_version": "KTM 390 Duke",
      "af_name": "Laura Davis",
      "af_phone": "0467890123",
      "af_email": "laura.davis@email.com",
      "af_address": "567 Spencer Street, Melbourne VIC 3000",
      "af_claim": "CGU-CL-2025-008",
      "af_insurer": "CGU",
      "af_license": "TUV678",
      "af_vehicle_reg": "VIC890123",
      "af_version": "Hyundai i30",
      "accident_date": "2025-02-20",
      "accident_time": "15:10",
      "accident_location": "Flinders Street Station precinct",
      "status": "ACTIVE",
      "assigned_bike_id": null,
      "notes": "Public liability case, multiple witnesses",
      "followup_notes": null,
      "created_date": "2025-02-21 00:00:00",
      "modified_date": "2025-02-21 00:00:00"
    },
    {
      "case_number": "2025-008",
      "naf_name": "Jennifer Martinez",
      "naf_phone": "0434567890",
      "naf_email": "jennifer.martinez@email.com",
      "naf_address": "543 Smith Street, Darwin NT 0800",
      "naf_claim": "WES-2025-007",
      "naf_insurer": "Westpac General Insurance",
      "naf_license": "NT123456",
      "naf_vehicle_reg": "KLM789",
      "naf_version": "Triumph Street Triple RS",
      "af_name": "Kevin Thompson",
      "af_phone": "0445678901",
      "af_email": "kevin.thompson@email.com",
      "af_address": "876 Mitchell Street, Darwin NT 0800",
      "af_claim": "MED-CL-2025-007",
      "af_insurer": "Medibank Private",
      "af_license": "NOP012",
      "af_vehicle_reg": "NT789012",
      "af_version": "Isuzu D-MAX",
      "accident_date": "2025-02-15",
      "accident_time": "08:20",
      "accident_location": "Smith Street Mall, Darwin",
      "status": "ACTIVE",
      "assigned_bike_id": null,
      "notes": "Workers compensation case, employer cooperation required",
      "followup_notes": null,
      "created_date": "2025-02-16 00:00:00",
      "modified_date": "2025-02-16 00:00:00"
    },
    {
      "case_number": "2025-007",
      "naf_name": "Daniel Rodriguez",
      "naf_phone": "0412345678",
      "naf_email": "daniel.rodriguez@email.com",
      "naf_address": "789 Elizabeth Street, Hobart TAS 7000",
      "naf_claim": "HOL-2025-006",
      "naf_insurer": "Hollard",
      "naf_license": "TAS123456",
      "naf_vehicle_reg": "EFG123",
      "naf_version": "BMW S1000RR",
      "af_name": "Sarah Kim",
      "af_phone": "0423456789",
      "af_email": "sarah.kim@email.com",
      "af_address": "321 Collins Street, Hobart TAS 7000",
      "af_claim": "A&G-CL-2025-006",
      "af_insurer": "Auto & General",
      "af_license": "HIJ456",
      "af_vehicle_reg": "TAS789012",
      "af_version": "Nissan Navara",
      "accident_date": "2025-02-10",
      "accident_time": "13:45",
      "accident_location": "Elizabeth Street, Hobart",
      "status": "ACTIVE",
      "assigned_bike_id": null,
      "notes": "Cycling accident, helmet camera footage available",
      "followup_notes": null,
      "created_date": "2025-02-11 00:00:00",
      "modified_date": "2025-02-11 00:00:00"
    },
    {
      "case_number": "2025-006",
      "naf_name": "Amanda White",
      "naf_phone": "0490123456",
      "naf_email": "amanda.white@email.com",
      "naf_address": "123 Rundle Street, Adelaide SA 5000",
      "naf_claim": "BIN-2025-005",
      "naf_insurer": "Bingle",
      "naf_license": "SA123456",
      "naf_vehicle_reg": "YZA567",
      "naf_version": "Ducati Panigale V4",
      "af_name": "Christopher Lee",
      "af_phone": "0401234567",
      "af_email": "christopher.lee@email.com",
      "af_address": "456 North Terrace, Adelaide SA 5000",
      "af_claim": "GIO-CL-2025-005",
      "af_insurer": "GIO",
      "af_license": "BCD890",
      "af_vehicle_reg": "SA789012",
      "af_version": "Subaru Outback",
      "accident_date": "2025-02-05",
      "accident_time": "11:30",
      "accident_location": "Rundle Mall, Adelaide",
      "status": "ACTIVE",
      "assigned_bike_id": null,
      "notes": "Premises liability case, investigating safety measures",
      "followup_notes": null,
      "created_date": "2025-02-06 00:00:00",
      "modified_date": "2025-02-06 00:00:00"
    },
    {
      "case_number": "2025-005",
      "naf_name": "Robert Miller",
      "naf_phone": "0478901234",
      "naf_email": "robert.miller@email.com",
      "naf_address": "432 Hay Street, Perth WA 6000",
      "naf_claim": "RAC-2025-004",
      "naf_insurer": "RAC Insurance",
      "naf_license": "WA123456",
      "naf_vehicle_reg": "STU901",
      "naf_version": "Suzuki GSX-R1000",
      "af_name": "Michelle Garcia",
      "af_phone": "0489012345",
      "af_email": "michelle.garcia@email.com",
      "af_address": "765 Murray Street, Perth WA 6000",
      "af_claim": "BUD-CL-2025-004",
      "af_insurer": "Budget Direct",
      "af_license": "VWX234",
      "af_vehicle_reg": "WA789012",
      "af_version": "Mazda CX-5",
      "accident_date": "2025-02-01",
      "accident_time": "17:20",
      "accident_location": "Hay Street, Perth CBD",
      "status": "ACTIVE",
      "assigned_bike_id": null,
      "notes": "Complex case with multiple parties involved",
      "followup_notes": null,
      "created_date": "2025-02-02 00:00:00",
      "modified_date": "2025-02-02 00:00:00"
    },
    {
      "case_number": "2025-004",
      "naf_name": "Lisa Anderson",
      "naf_phone": "0456789012",
      "naf_email": "lisa.anderson@email.com",
      "naf_address": "654 Queen Street, Brisbane QLD 4000",
      "naf_claim": "AAM-2025-003",
      "naf_insurer": "AAMI",
      "naf_license": "QLD123456",
      "naf_vehicle_reg": "MNO345",
      "naf_version": "Kawasaki Ninja ZX-10R",
      "af_name": "James Taylor",
      "af_phone": "0467890123",
      "af_email": "james.taylor@email.com",
      "af_address": "987 Adelaide Street, Brisbane QLD 4000",
      "af_claim": "YOU-CL-2025-003",
      "af_insurer": "Youi",
      "af_license": "PQR678",
      "af_vehicle_reg": "QLD789012",
      "af_version": "Ford Ranger",
      "accident_date": "2025-01-25",
      "accident_time": "09:15",
      "accident_location": "Queen Street Mall area, Brisbane",
      "status": "ACTIVE",
      "assigned_bike_id": null,
      "notes": "Serious injury case, legal representation arranged",
      "followup_notes": null,
      "created_date": "2025-01-26 00:00:00",
      "modified_date": "2025-01-26 00:00:00"
    },
    {
      "case_number": "2025-003",
      "naf_name": "David Wilson",
      "naf_phone": "0434567890",
      "naf_email": "david.wilson@email.com",
      "naf_address": "789 Collins Street, Melbourne VIC 3000",
      "naf_claim": "SUN-2025-002",
      "naf_insurer": "Suncorp",
      "naf_license": "VIC123456",
      "naf_vehicle_reg": "GHI789",
      "naf_version": "Yamaha YZF-R1",
      "af_name": "Emma Davis",
      "af_phone": "0445678901",
      "af_email": "emma.davis@email.com",
      "af_address": "321 Bourke Street, Melbourne VIC 3000",
      "af_claim": "QBE-CL-2025-002",
      "af_insurer": "QBE",
      "af_license": "JKL012",
      "af_vehicle_reg": "VIC789012",
      "af_version": "Holden Commodore",
      "accident_date": "2025-01-20",
      "accident_time": "16:45",
      "accident_location": "Collins Street outside Melbourne Central",
      "status": "ACTIVE",
      "assigned_bike_id": null,
      "notes": "Witness statements collected, awaiting medical reports",
      "followup_notes": null,
      "created_date": "2025-01-21 00:00:00",
      "modified_date": "2025-01-21 00:00:00"
    },
    {
      "case_number": "2025-002",
      "naf_name": "Sarah Johnson",
      "naf_phone": "0412345678",
      "naf_email": "sarah.johnson@email.com",
      "naf_address": "123 Main Street, Sydney NSW 2000",
      "naf_claim": "NRM-2025-001",
      "naf_insurer": "NRMA Insurance",
      "naf_license": "NSW123456",
      "naf_vehicle_reg": "ABC123",
      "naf_version": "Honda CBR600RR",
      "af_name": "Michael Brown",
      "af_phone": "0423456789",
      "af_email": "michael.brown@email.com",
      "af_address": "456 George Street, Sydney NSW 2000",
      "af_claim": "AL-CL-2025-001",
      "af_insurer": "Allianz Australia",
      "af_license": "DEF456",
      "af_vehicle_reg": "NSW789012",
      "af_version": "Toyota Camry",
      "accident_date": "2025-01-15",
      "accident_time": "14:30",
      "accident_location": "Intersection of George St and Martin Place, Sydney",
      "status": "ACTIVE",
      "assigned_bike_id": null,
      "notes": "Initial assessment completed, client seeking medical treatment",
      "followup_notes": null,
      "created_date": "2025-01-16 00:00:00",
      "modified_date": "2025-01-16 00:00:00"
    }
  ],
  "bikes": [
    {
      "make": "Aprilia",
      "model": "RSV4 Factory",
      "registration": "BD20YZA",
      "registration_expiry": "2025-12-10",
      "assigned_case": null,
      "service_center": null,
      "delivery_street": "321 Murray Street",
      "delivery_suburb": "Perth",
      "delivery_state": "WA",
      "delivery_postcode": "6000",
      "last_service_date": null,
      "service_notes": "Aprilia Service Centre Perth",
      "created_date": "789 Hay Street, Perth WA 6000"
    },
    {
      "make": "Aprilia",
      "model": "Tuono V4",
      "registration": "BD30CDE",
      "registration_expiry": "2025-12-15",
      "assigned_case": null,
      "service_center": null,
      "delivery_street": "765 Pitt Street",
      "delivery_suburb": "Sydney",
      "delivery_state": "NSW",
      "delivery_postcode": "2000",
      "last_service_date": null,
      "service_notes": "Aprilia Service Centre Sydney",
      "created_date": "432 George Street, Sydney NSW 2000"
    },
    {
      "make": "BMW",
      "model": "F850GS",
      "registration": "BD27TUV",
      "registration_expiry": "2025-10-15",
      "assigned_case": null,
      "service_center": null,
      "delivery_street": "890 Wellington Street",
      "delivery_suburb": "Perth",
      "delivery_state": "WA",
      "delivery_postcode": "6000",
      "last_service_date": null,
      "service_notes": "BMW Motorrad Perth",
      "created_date": "567 Hay Street, Perth WA 6000"
    },
    {
      "make": "BMW",
      "model": "R1250GS",
      "registration": "BD37XYZ",
      "registration_expiry": "2025-10-30",
      "assigned_case": null,
      "service_center": null,
      "delivery_street": "654 Adelaide Street",
      "delivery_suburb": "Brisbane",
      "delivery_state": "QLD",
      "delivery_postcode": "4000",
      "last_service_date": null,
      "service_notes": "BMW Motorrad Brisbane",
      "created_date": "321 Queen Street, Brisbane QLD 4000"
    },
    {
      "make": "BMW",
      "model": "S1000RR",
      "registration": "BD17PQR",
      "registration_expiry": "2025-11-25",
      "assigned_case": null,
      "service_center": null,
      "delivery_street": "234 King Street",
      "delivery_suburb": "Newtown",
      "delivery_state": "NSW",
      "delivery_postcode": "2042",
      "last_service_date": null,
      "service_notes": "BMW Motorrad Sydney",
      "created_date": "98 Parramatta Road, Camperdown NSW 2050"
    },
    {
      "make": "Ducati",
      "model": "899 Panigale",
      "registration": "BD42MNO",
      "registration_expiry": "2025-12-01",
      "assigned_case": null,
      "service_center": null,
      "delivery_street": "753 Rundle Street",
      "delivery_suburb": "Adelaide",
      "delivery_state": "SA",
      "delivery_postcode": "5000",
      "last_service_date": null,
      "service_notes": "Ducati Service Centre Adelaide",
      "created_date": "159 Bourke Street, Sydney NSW 2000"
    },
    {
      "make": "Ducati",
      "model": "Monster 821",
      "registration": "BD26QRS",
      "registration_expiry": "2025-11-10",
      "assigned_case": null,
      "service_center": null,
      "delivery_street": "432 Edward Street",
      "delivery_suburb": "Brisbane",
      "delivery_state": "QLD",
      "delivery_postcode": "4000",
      "last_service_date": null,
      "service_notes": "Ducati Service Centre Brisbane",
      "created_date": "789 Ann Street, Brisbane QLD 4000"
    },
    {
      "make": "Ducati",
      "model": "Multistrada V4",
      "registration": "BD36UVW",
      "registration_expiry": "2025-11-05",
      "assigned_case": null,
      "service_center": null,
      "delivery_street": "765 Cavill Avenue",
      "delivery_suburb": "Surfers Paradise",
      "delivery_state": "QLD",
      "delivery_postcode": "4217",
      "last_service_date": null,
      "service_notes": "Ducati Service Centre Gold Coast",
      "created_date": "432 Surfers Paradise Boulevard, Surfers Paradise QLD 4217"
    },
    {
      "make": "Ducati",
      "model": "Panigale V4",
      "registration": "BD16MNO",
      "registration_expiry": "2025-12-20",
      "assigned_case": null,
      "service_center": null,
      "delivery_street": "753 Market Street",
      "delivery_suburb": "Sydney",
      "delivery_state": "NSW",
      "delivery_postcode": "2000",
      "last_service_date": null,
      "service_notes": "Ducati Service Centre Sydney",
      "created_date": "159 Bourke Street, Sydney NSW 2000"
    },
    {
      "make": "Harley-Davidson",
      "model": "Fat Boy",
      "registration": "BD31FGH",
      "registration_expiry": "2025-11-20",
      "assigned_case": null,
      "service_center": null,
      "delivery_street": "654 Toorak Road",
      "delivery_suburb": "Melbourne",
      "delivery_state": "VIC",
      "delivery_postcode": "3000",
      "last_service_date": null,
      "service_notes": "Harley-Davidson Melbourne",
      "created_date": "321 Chapel Street, Melbourne VIC 3000"
    },
    {
      "make": "Harley-Davidson",
      "model": "Sportster S",
      "registration": "BD21BCD",
      "registration_expiry": "2025-11-15",
      "assigned_case": null,
      "service_center": null,
      "delivery_street": "987 Rundle Street",
      "delivery_suburb": "Adelaide",
      "delivery_state": "SA",
      "delivery_postcode": "5000",
      "last_service_date": null,
      "service_notes": "Harley-Davidson Adelaide",
      "created_date": "654 North Terrace, Adelaide SA 5000"
    },
    {
      "make": "Honda",
      "model": "Africa Twin",
      "registration": "BD32IJK",
      "registration_expiry": "2025-10-10",
      "assigned_case": null,
      "service_center": null,
      "delivery_street": "432 Hay Street",
      "delivery_suburb": "Perth",
      "delivery_state": "WA",
      "delivery_postcode": "6000",
      "last_service_date": null,
      "service_notes": "Honda Service Centre Perth",
      "created_date": "789 Murray Street, Perth WA 6000"
    },
    {
      "make": "Honda",
      "model": "CB1000R",
      "registration": "BD22EFG",
      "registration_expiry": "2025-10-20",
      "assigned_case": null,
      "service_center": null,
      "delivery_street": "567 Bourke Street",
      "delivery_suburb": "Melbourne",
      "delivery_state": "VIC",
      "delivery_postcode": "3000",
      "last_service_date": null,
      "service_notes": "Honda Service Centre Melbourne",
      "created_date": "234 Swanston Street, Melbourne VIC 3000"
    },
    {
      "make": "Honda",
      "model": "CBR1000RR",
      "registration": "BD38ABC",
      "registration_expiry": "2025-12-10",
      "assigned_case": null,
      "service_center": null,
      "delivery_street": "45 Kent Street",
      "delivery_suburb": "Sydney",
      "delivery_state": "NSW",
      "delivery_postcode": "2000",
      "last_service_date": null,
      "service_notes": "Honda Service Centre Sydney",
      "created_date": "123 Parramatta Road, Auburn NSW 2144"
    },
    {
      "make": "Honda",
      "model": "CBR600RR",
      "registration": "BD12ABC",
      "registration_expiry": "2025-12-15",
      "assigned_case": null,
      "service_center": null,
      "delivery_street": "45 Kent Street",
      "delivery_suburb": "Sydney",
      "delivery_state": "NSW",
      "delivery_postcode": "2000",
      "last_service_date": null,
      "service_notes": "Honda Service Centre Sydney",
      "created_date": "123 Parramatta Road, Auburn NSW 2144"
    },
    {
      "make": "KTM",
      "model": "390 Duke",
      "registration": "BD19VWX",
      "registration_expiry": "2025-09-15",
      "assigned_case": null,
      "service_center": null,
      "delivery_street": "456 Queen Street",
      "delivery_suburb": "Brisbane",
      "delivery_state": "QLD",
      "delivery_postcode": "4000",
      "last_service_date": null,
      "service_notes": "KTM Service Centre Brisbane",
      "created_date": "123 Queen Street, Brisbane QLD 4000"
    },
    {
      "make": "KTM",
      "model": "890 Adventure",
      "registration": "BD29ZAB",
      "registration_expiry": "2025-08-25",
      "assigned_case": null,
      "service_center": null,
      "delivery_street": "543 Collins Street",
      "delivery_suburb": "Hobart",
      "delivery_state": "TAS",
      "delivery_postcode": "7000",
      "last_service_date": null,
      "service_notes": "KTM Service Centre Hobart",
      "created_date": "876 Elizabeth Street, Hobart TAS 7000"
    },
    {
      "make": "Kawasaki",
      "model": "Ninja ZX-10R",
      "registration": "BD14GHI",
      "registration_expiry": "2025-10-25",
      "assigned_case": null,
      "service_center": null,
      "delivery_street": "789 Liverpool Road",
      "delivery_suburb": "Liverpool",
      "delivery_state": "NSW",
      "delivery_postcode": "2170",
      "last_service_date": null,
      "service_notes": "Kawasaki Service Centre Liverpool",
      "created_date": "456 Hume Highway, Liverpool NSW 2170"
    },
    {
      "make": "Kawasaki",
      "model": "Versys 1000",
      "registration": "BD34OPQ",
      "registration_expiry": "2025-08-10",
      "assigned_case": null,
      "service_center": null,
      "delivery_street": "567 Stanley Street",
      "delivery_suburb": "Townsville",
      "delivery_state": "QLD",
      "delivery_postcode": "4810",
      "last_service_date": null,
      "service_notes": "Kawasaki Service Centre Townsville",
      "created_date": "234 Flinders Street, Townsville QLD 4810"
    },
    {
      "make": "Kawasaki",
      "model": "Z900",
      "registration": "BD24KLM",
      "registration_expiry": "2025-08-30",
      "assigned_case": null,
      "service_center": null,
      "delivery_street": "765 Bunda Street",
      "delivery_suburb": "Canberra",
      "delivery_state": "ACT",
      "delivery_postcode": "2600",
      "last_service_date": null,
      "service_notes": "Kawasaki Service Centre Canberra",
      "created_date": "432 Northbourne Avenue, Canberra ACT 2600"
    },
    {
      "make": "Kawasaki",
      "model": "ZX-6R",
      "registration": "BD40GHI",
      "registration_expiry": "2025-10-20",
      "assigned_case": null,
      "service_center": null,
      "delivery_street": "789 Queen Street",
      "delivery_suburb": "Brisbane",
      "delivery_state": "QLD",
      "delivery_postcode": "4000",
      "last_service_date": null,
      "service_notes": "Kawasaki Service Centre Brisbane",
      "created_date": "456 Hume Highway, Liverpool NSW 2170"
    },
    {
      "make": "Suzuki",
      "model": "GSX-R1000",
      "registration": "BD15JKL",
      "registration_expiry": "2025-09-30",
      "assigned_case": null,
      "service_center": null,
      "delivery_street": "654 Blacktown Road",
      "delivery_suburb": "Blacktown",
      "delivery_state": "NSW",
      "delivery_postcode": "2148",
      "last_service_date": null,
      "service_notes": "Suzuki Service Centre Blacktown",
      "created_date": "321 Great Western Highway, Blacktown NSW 2148"
    },
    {
      "make": "Suzuki",
      "model": "GSX-R750",
      "registration": "BD41JKL",
      "registration_expiry": "2025-09-25",
      "assigned_case": null,
      "service_center": null,
      "delivery_street": "654 Hay Street",
      "delivery_suburb": "Perth",
      "delivery_state": "WA",
      "delivery_postcode": "6000",
      "last_service_date": null,
      "service_notes": "Suzuki Service Centre Perth",
      "created_date": "321 Great Western Highway, Blacktown NSW 2148"
    },
    {
      "make": "Suzuki",
      "model": "SV650",
      "registration": "BD25NOP",
      "registration_expiry": "2025-12-05",
      "assigned_case": null,
      "service_center": null,
      "delivery_street": "654 Mitchell Street",
      "delivery_suburb": "Darwin",
      "delivery_state": "NT",
      "delivery_postcode": "0800",
      "last_service_date": null,
      "service_notes": "Suzuki Service Centre Darwin",
      "created_date": "321 Smith Street, Darwin NT 0800"
    },
    {
      "make": "Suzuki",
      "model": "V-Strom 650",
      "registration": "BD35RST",
      "registration_expiry": "2025-12-25",
      "assigned_case": null,
      "service_center": null,
      "delivery_street": "543 Keira Street",
      "delivery_suburb": "Wollongong",
      "delivery_state": "NSW",
      "delivery_postcode": "2500",
      "last_service_date": null,
      "service_notes": "Suzuki Service Centre Wollongong",
      "created_date": "876 Crown Street, Wollongong NSW 2500"
    },
    {
      "make": "Triumph",
      "model": "Street Triple RS",
      "registration": "BD18STU",
      "registration_expiry": "2025-10-30",
      "assigned_case": null,
      "service_center": null,
      "delivery_street": "890 Collins Street",
      "delivery_suburb": "Melbourne",
      "delivery_state": "VIC",
      "delivery_postcode": "3000",
      "last_service_date": null,
      "service_notes": "Triumph Service Centre Melbourne",
      "created_date": "567 Collins Street, Melbourne VIC 3000"
    },
    {
      "make": "Triumph",
      "model": "Tiger 900",
      "registration": "BD28WXY",
      "registration_expiry": "2025-09-20",
      "assigned_case": null,
      "service_center": null,
      "delivery_street": "567 Grenfell Street",
      "delivery_suburb": "Adelaide",
      "delivery_state": "SA",
      "delivery_postcode": "5000",
      "last_service_date": null,
      "service_notes": "Triumph Service Centre Adelaide",
      "created_date": "234 Rundle Street, Adelaide SA 5000"
    },
    {
      "make": "Yamaha",
      "model": "MT-09",
      "registration": "BD23HIJ",
      "registration_expiry": "2025-09-25",
      "assigned_case": null,
      "service_center": null,
      "delivery_street": "543 Cavill Avenue",
      "delivery_suburb": "Surfers Paradise",
      "delivery_state": "QLD",
      "delivery_postcode": "4217",
      "last_service_date": null,
      "service_notes": "Yamaha Service Centre Gold Coast",
      "created_date": "876 Surfers Paradise Boulevard, Surfers Paradise QLD 4217"
    },
    {
      "make": "Yamaha",
      "model": "R6",
      "registration": "BD39DEF",
      "registration_expiry": "2025-11-15",
      "assigned_case": null,
      "service_center": null,
      "delivery_street": "123 George Street",
      "delivery_suburb": "Melbourne",
      "delivery_state": "VIC",
      "delivery_postcode": "3000",
      "last_service_date": null,
      "service_notes": "Yamaha Service Centre Melbourne",
      "created_date": "87 Church Street, Parramatta NSW 2150"
    },
    {
      "make": "Yamaha",
      "model": "Tenere 700",
      "registration": "BD33LMN",
      "registration_expiry": "2025-09-05",
      "assigned_case": null,
      "service_center": null,
      "delivery_street": "890 Mulgrave Road",
      "delivery_suburb": "Cairns",
      "delivery_state": "QLD",
      "delivery_postcode": "4870",
      "last_service_date": null,
      "service_notes": "Yamaha Service Centre Cairns",
      "created_date": "567 Sheridan Street, Cairns QLD 4870"
    },
    {
      "make": "Yamaha",
      "model": "YZF-R1",
      "registration": "BD13DEF",
      "registration_expiry": "2025-11-20",
      "assigned_case": null,
      "service_center": null,
      "delivery_street": "123 George Street",
      "delivery_suburb": "Parramatta",
      "delivery_state": "NSW",
      "delivery_postcode": "2150",
      "last_service_date": null,
      "service_notes": "Yamaha Service Centre Parramatta",
      "created_date": "87 Church Street, Parramatta NSW 2150"
    }
  ],
  "financial_records": [],
  "insurance_companies": [
    {
      "name": "AAMI",
      "phone": "13 22 44",
      "email": "claims@aami.com.au",
      "notes": "AAMI official claims contact - verified from customer service documentation",
      "created_date": "2025-06-11 18:17:05.295865"
    },
    {
      "name": "Allianz",
      "phone": "13 10 00",
      "email": "claims@allianz.com.au",
      "notes": "Allianz Australia claims department - verified from policy documentation",
      "created_date": "2025-06-11 18:17:05.295865"
    },
    {
      "name": "Budget Direct",
      "phone": "13 53 39",
      "email": "claims@budgetdirect.com.au",
      "notes": "Budget Direct claims team - verified from online claims portal",
      "created_date": "2025-06-11 18:17:05.295865"
    },
    {
      "name": "CGU Insurance",
      "phone": "13 24 86",
      "email": "claims@cgu.com.au",
      "notes": "CGU claims department - verified from commercial insurance documentation",
      "created_date": "2025-06-11 18:17:05.295865"
    },
    {
      "name": "Coastal Cover Insurance",
      "phone": "1800 COAST",
      "email": "support@coastalcover.com.au",
      "notes": "Marine and coastal property insurance specialist",
      "created_date": "2025-06-11 18:19:39.653218"
    },
    {
      "name": "CommInsure",
      "phone": "13 17 88",
      "email": "claims@commbank.com.au",
      "notes": "CommInsure - Claims: 13 17 88, Commonwealth Bank insurance division",
      "created_date": "2025-06-11 18:17:05.295865"
    },
    {
      "name": "GIO",
      "phone": "13 10 01",
      "email": "claims@gio.com.au",
      "notes": "GIO claims processing - verified from customer portal information",
      "created_date": "2025-06-11 18:17:05.295865"
    },
    {
      "name": "Metro Insurance",
      "phone": "1300 555 123",
      "email": "claims@metro.com.au",
      "notes": "Regional insurance provider specializing in metropolitan areas",
      "created_date": "2025-06-11 18:19:39.653218"
    },
    {
      "name": "NRMA Insurance",
      "phone": "13 11 23",
      "email": "claims@nrma.com.au",
      "notes": "NRMA Insurance claims - verified from member services documentation",
      "created_date": "2025-06-11 18:17:05.295865"
    },
    {
      "name": "QBE",
      "phone": "13 61 61",
      "email": "claims@qbe.com",
      "notes": "QBE Australia claims - verified from international QBE documentation",
      "created_date": "2025-06-11 18:17:05.295865"
    },
    {
      "name": "RAC Insurance",
      "phone": "13 17 03",
      "email": "claims@rac.com.au",
      "notes": "RAC WA claims department - verified from member handbook",
      "created_date": "2025-06-11 18:17:05.295865"
    },
    {
      "name": "RACV",
      "phone": "13 72 28",
      "email": "claims@racv.com.au",
      "notes": "RACV claims processing - verified from Victorian member documentation",
      "created_date": "2025-06-11 18:17:05.295865"
    },
    {
      "name": "Summit Insurance Group",
      "phone": "02 9876 5432",
      "email": "claims@summitinsurance.com.au",
      "notes": "Premium insurance services for high-value assets",
      "created_date": "2025-06-11 18:19:39.653218"
    },
    {
      "name": "Suncorp",
      "phone": "13 11 55",
      "email": "claims@suncorp.com.au",
      "notes": "Suncorp Group claims - verified from banking and insurance documentation",
      "created_date": "2025-06-11 18:17:05.295865"
    },
    {
      "name": "Youi",
      "phone": "13 96 84",
      "email": "claims@youi.com.au",
      "notes": "Youi personalized claims - verified from policy holder documentation",
      "created_date": "2025-06-11 18:17:05.295865"
    }
  ],
  "documents": [],
  "bike_assignments": [],
  "followup_notes": []
}